Time,Gear Ratio,Fuel Level (liter),RPM,X,Y
1,4.17,50,700,-114.0916201,51.050723
2,4.17,50,700,-114.0916484,51.0507091
3,4.17,49.996,700,-114.0916788,51.05069345
4,4.17,49.996,700,-114.091708,51.0506775
5,4.17,49.992,700,-114.0917462,51.0506559
6,4.17,49.986,700,-114.091777,51.05063729
7,4.17,49.982,700,-114.0548163,51.09599213
8,4.17,49.975,700,-114.054719,51.09597375
9,4.17,49.97485714,700,-114.0546081,51.09595269
10,4.17,49.97129762,800,-114.0545268,51.09593845
11,4.17,49.9677381,800,-114.0544516,51.09592371
12,4.17,49.96417857,800,-114.0543771,51.09591008
13,4.17,49.96061905,800,-114.0543165,51.09589738
14,4.17,49.95705952,800,-114.0542795,51.09588715
15,4.17,49.9535,800,-114.0542475,51.09587567
16,4.17,49.94994048,800,-114.0542135,51.09586078
17,2.34,49.94638095,800,-114.0541991,51.0958537
18,2.34,49.94282143,800,-114.0947348,51.0773613
19,2.34,49.9392619,800,-114.0947345,51.07780625
20,2.34,49.93570238,800,-114.037568,51.08154697
21,2.34,49.93214286,1000,-114.037878,51.08154767
22,2.34,49.92858333,1000,-114.0381881,51.08154835
23,2.34,49.92502381,1000,-114.0384981,51.08154904
24,2.34,49.92146429,1000,-114.0388081,51.08154973
25,2.34,49.91790476,1000,-114.0625238,51.07695041
26,2.34,49.91434524,1000,-114.0625241,51.07717342
27,2.34,49.91078571,1000,-114.0625245,51.07739642
28,2.34,49.90722619,1000,-114.0625248,51.07761943
29,2.34,49.90366667,1000,-114.0625251,51.07784243
30,2.34,49.90010714,1000,-114.0845713,51.07394889
31,2.34,49.89654762,1000,-114.0845909,51.07542624
32,2.34,49.8929881,1000,-114.0845949,51.07588656
33,2.34,49.88942857,1000,-114.0846017,51.07664868
34,2.34,49.88586905,1400,-114.0713767,51.11066778
35,2.34,49.88230952,1400,-114.0715356,51.11067494
36,2.34,49.87875,1400,-114.0946039,51.06517211
37,2.34,49.87519048,1400,-114.0946357,51.06525903
38,2.34,49.87163095,1400,-114.0946504,51.06534466
39,2.34,49.86807143,1400,-114.0946581,51.06556503
40,2.34,49.8645119,1400,-114.0946533,51.06587105
41,2.34,49.86095238,1400,-114.0946414,51.06624349
42,2.34,49.85739286,1400,-114.0946348,51.06658034
43,2.34,49.85383333,1400,-114.0946314,51.06667548
44,2.34,49.85027381,1400,-114.0946317,51.06684299
45,2.34,49.84671429,1400,-114.094632,51.06698471
46,2.34,49.84315476,2000,-114.0946324,51.06717104
47,2.34,49.83959524,2000,-114.0946339,51.0679261
48,2.34,49.83603571,2000,-114.0946351,51.06852463
49,1.52,49.83247619,2000,-114.0946355,51.06871532
50,1.52,49.82891667,2000,-114.0946283,51.06875274
51,1.52,49.82535714,2000,-114.0946085,51.06878472
52,1.52,49.82179762,2000,-114.0945895,51.06881386
53,1.52,49.8182381,2000,-114.0455196,51.09594783
54,1.52,49.81467857,2000,-114.0451899,51.09591369
55,1.52,49.81111905,2000,-114.0448697,51.09588449
56,1.52,49.80755952,2000,-114.0445959,51.09584836
57,1.52,49.804,2100,-114.0444207,51.09581738
58,1.52,49.80044048,2100,-114.0442192,51.0957729
59,1.52,49.79688095,2100,-114.0439893,51.09570916
60,1.52,49.79332143,2100,-114.0437866,51.0956385
61,1.52,49.7897619,2100,-114.0435046,51.09552647
62,1.52,49.78620238,2100,-114.0431111,51.09536482
63,1.52,49.78264286,2100,-114.0428318,51.09523899
64,1.52,49.77908333,2100,-114.0425552,51.09511315
65,1.52,49.77552381,2100,-114.0423499,51.09501144
66,1.52,49.77196429,2100,-114.0419157,51.09478618
67,1.52,49.76840476,2100,-114.0415707,51.09459826
68,1.52,49.76484524,2100,-114.0412695,51.0944293
69,1.52,49.76128571,2100,-114.041149,51.09434826
70,1.52,49.75772619,2100,-114.0409086,51.09417633
71,1.52,49.75416667,2100,-114.040821,51.09410045
72,1.52,49.75060714,2100,-114.0406757,51.09393661
73,1.52,49.74704762,2100,-114.0405908,51.09382278
74,1.52,49.7434881,2100,-114.0404788,51.09361147
75,1.52,49.73992857,2100,-114.0404404,51.0935166
76,1.52,49.73636905,2100,-114.0403691,51.09333548
77,1.52,49.73280952,2100,-114.0403279,51.09318885
78,1.52,49.72925,2100,-114.040202,51.09273441
79,1.52,49.72569048,2100,-114.040169,51.09261193
80,1.52,49.72213095,2100,-114.0401118,51.0924143
81,1.52,49.71857143,2100,-114.0321906,51.08076302
82,1.52,49.7150119,2100,-114.0322754,51.08086343
83,1.52,49.71145238,2100,-114.0323491,51.08095728
84,1.52,49.70789286,2100,-114.0324683,51.0810975
85,1.52,49.70433333,2100,-114.0325419,51.08118362
86,1.52,49.70077381,2100,-114.0326067,51.08124766
87,1.52,49.69721429,2100,-114.0326611,51.08130176
88,1.52,49.69365476,2100,-114.0327137,51.08134702
89,1.52,49.69009524,2100,-114.032754,51.08137793
90,1.52,49.68653571,2100,-114.0327945,51.08141092
91,1.52,49.68297619,2100,-114.0348244,51.08102343
92,1.52,49.67941667,2100,-114.0346508,51.08091519
93,1.52,49.67585714,2100,-114.0343135,51.08070999
94,1.52,49.67229762,2100,-114.0339312,51.08047231
95,1.52,49.6687381,2100,-114.0333398,51.08010994
96,1.52,49.66517857,2100,-114.0331318,51.07998187
97,1.52,49.66161905,2100,-114.032984,51.0798829
98,1.52,49.65805952,2100,-114.0328249,51.07977155
99,1.52,49.6545,2100,-114.0326239,51.07963766
100,1.52,49.65094048,2100,-114.0324899,51.0795416
101,1.52,49.64738095,2100,-114.0323097,51.07939896
102,1.52,49.64382143,2100,-114.0320675,51.07920451
103,1.52,49.6402619,2100,-114.0317556,51.07895125
104,1.52,49.63670238,2100,-114.0315667,51.0787977
105,1.52,49.63314286,2100,-114.0313033,51.07857791
106,1.52,49.62958333,2100,-114.0311323,51.07843672
107,1.52,49.62602381,2100,-114.0309867,51.07833047
108,1.52,49.62246429,2100,-114.0304996,51.07800469
109,1.52,49.61890476,2100,-114.0502829,51.05108355
110,1.52,49.61534524,2100,-114.0502829,51.05114282
111,1.52,49.61178571,2100,-114.0502829,51.0512573
112,1.52,49.60822619,2100,-114.0502844,51.05136506
113,1.52,49.60466667,2200,-114.0502831,51.05143485
114,1.52,49.60110714,2200,-114.069938,51.11056496
115,1.52,49.59754762,2200,-114.0696636,51.11056446
116,1.52,49.5939881,2200,-114.0693892,51.11056396
117,1.52,49.59042857,2200,-114.0691148,51.11056345
118,1.52,49.58686905,2200,-114.0688404,51.11056295
119,1.52,49.58330952,2200,-114.0833396,51.10921959
120,1.52,49.57975,2200,-114.0831968,51.10967588
121,1.52,49.57619048,2200,-114.0831288,51.10993874
122,1.52,49.57263095,2200,-114.0830567,51.11029604
123,1.52,49.56907143,2200,-114.0830207,51.11053586
124,1.52,49.5655119,2200,-114.0829862,51.11087695
125,1.52,49.56195238,2200,-114.0829733,51.11117255
126,1.52,49.55839286,2200,-114.0829774,51.11147356
127,1.52,49.55483333,2200,-114.082987,51.11166525
128,1.52,49.55127381,2200,-114.0830078,51.1118911
129,1.52,49.54771429,2200,-114.0830332,51.11208974
130,1.52,49.54415476,2200,-114.0830664,51.11228811
131,1.52,49.54059524,2200,-114.0831099,51.1125061
132,1.52,49.53703571,2200,-114.0831599,51.11271721
133,1.52,49.53347619,2200,-114.0832211,51.11293667
134,1.52,49.52991667,2200,-114.083291,51.11316201
135,1.52,49.52635714,2200,-114.0833555,51.11334167
136,1.52,49.52279762,2200,-114.0834177,51.11349856
137,1.52,49.5192381,2200,-114.0834794,51.11364762
138,1.52,49.51567857,2200,-114.0835501,51.11381356
139,1.52,49.51211905,2200,-114.0836283,51.11397754
140,1.52,49.50855952,2200,-114.0837147,51.11415572
141,1.52,49.505,2200,-114.0838437,51.11439958
142,1.52,49.50144048,2200,-114.083991,51.11465563
143,1.52,49.49788095,2200,-114.0841487,51.11491485
144,1.52,49.49432143,2200,-114.0843572,51.11521682
145,1.52,49.4907619,2200,-114.0845034,51.11541649
146,1.52,49.48720238,2200,-114.084661,51.11562511
147,1.52,49.48364286,2200,-114.0848178,51.115818
148,1.52,49.48008333,2200,-114.0849634,51.11598956
149,1.52,49.47652381,2200,-114.0851561,51.11620438
150,1.52,49.47296429,2200,-114.0852635,51.11631855
151,1.52,49.46940476,2200,-114.0853404,51.11640029
152,1.52,49.46584524,2200,-114.0855196,51.11658317
153,1.52,49.46228571,2200,-114.0857075,51.11676681
154,1.52,49.45872619,2200,-114.0859641,51.11700251
155,1.52,49.45516667,2200,-114.0861469,51.11716449
156,1.52,49.45160714,2200,-114.0863503,51.1173346
157,1.52,49.44804762,2200,-114.086583,51.11752107
158,1.52,49.4444881,2200,-114.0868923,51.11775577
159,1.52,49.44092857,2200,-114.0871332,51.11793661
160,1.52,49.43736905,2200,-114.0873517,51.11809862
161,1.52,49.43380952,2200,-114.0875524,51.11824926
162,1.52,49.43025,2200,-114.0877408,51.11838861
163,1.52,49.42669048,2200,-114.0880306,51.11860456
164,1.52,49.42313095,2200,-114.0882774,51.11878868
165,1.52,49.41957143,2200,-114.0885066,51.11895912
166,1.52,49.4160119,2200,-114.0887537,51.11914331
167,1.52,49.41245238,2200,-114.0890381,51.11935482
168,1.52,49.40889286,2200,-114.0893291,51.11957367
169,1.52,49.40533333,2200,-114.0896116,51.11978565
170,1.52,49.40177381,2200,-114.0900421,51.120107
171,1.52,49.39821429,2200,-114.0905222,51.12046694
172,1.52,49.39465476,2200,-114.0909746,51.12080615
173,1.52,49.39109524,2200,-114.0912893,51.12104144
174,1.52,49.38753571,2200,-114.0916928,51.12134483
175,1.52,49.38397619,2200,-114.0919344,51.12152726
176,1.52,49.38041667,2200,-114.0922605,51.12178062
177,1.52,49.37685714,2200,-114.0925561,51.12202015
178,1.52,49.37329762,2200,-114.0927213,51.12215483
179,1.52,49.3697381,2200,-114.0929349,51.12233875
180,1.52,49.36617857,2200,-114.0931869,51.12256172
181,1.52,49.36261905,2200,-114.0934588,51.1228075
182,1.52,49.35905952,2200,-114.0936618,51.12299889
183,1.52,49.3555,2200,-114.0938696,51.12319655
184,1.52,49.35194048,2200,-114.0940614,51.12337704
185,1.52,49.34838095,2200,-114.0942199,51.12352226
186,1.52,49.34482143,2200,-114.0943812,51.12366219
187,1.52,49.3412619,2200,-114.0944044,51.1236821
188,1.52,49.33770238,2200,-114.0944228,51.123697
189,1.52,49.33414286,2200,-114.0945942,51.12383509
190,1.52,49.33058333,2200,-114.0947969,51.12398799
191,1.52,49.32702381,2200,-114.0949653,51.12410462
192,1.52,49.32346429,2200,-114.0951451,51.12422404
193,1.52,49.31990476,2200,-114.0952913,51.12431516
194,1.52,49.31634524,2200,-114.0955382,51.1244612
195,1.52,49.31278571,2200,-114.0958329,51.12462108
196,1.52,49.30922619,2200,-114.0960977,51.12475194
197,1.52,49.30566667,2200,-114.0963108,51.12485082
198,1.52,49.30210714,2200,-114.0965439,51.124954
199,1.52,49.29854762,2200,-114.0967965,51.12506503
200,1.52,49.2949881,2200,-114.0521732,51.08958825
201,1.52,49.29142857,2200,-114.0521106,51.08946009
202,1.52,49.28786905,2200,-114.0520528,51.08935188
203,1.52,49.28430952,2200,-114.0520031,51.08922337
204,1.52,49.28075,2200,-114.0519761,51.08912529
205,1.52,49.27719048,2200,-114.051952,51.08902702
206,1.52,49.27363095,2200,-114.0519384,51.08891709
207,1.52,49.27007143,2200,-114.0519316,51.08882577
208,1.52,49.2665119,2200,-114.0519234,51.08873519
209,1.52,49.26295238,2200,-114.0367685,51.04219458
210,1.52,49.25939286,2200,-114.0361633,51.04195955
211,1.52,49.25583333,2200,-114.0355581,51.04172451
212,1.52,49.25227381,2200,-114.0349529,51.04148947
213,1.52,49.24871429,2200,-114.0343477,51.04125443
214,1.52,49.24515476,2200,-114.0623454,51.11089633
215,1.52,49.24159524,2200,-114.0623487,51.1110165
216,1.52,49.23803571,2200,-114.0623783,51.11130898
217,1.52,49.23447619,2200,-114.0624077,51.11142209
218,1.52,49.23091667,2200,-114.0625035,51.11165571
219,1.52,49.22735714,2200,-114.0626353,51.11186457
220,1.52,49.22379762,2200,-114.06278,51.11203316
221,1.52,49.2202381,2200,-114.063001,51.11224503
222,1.52,49.21667857,2200,-114.0634397,51.1126015
223,1.52,49.21311905,2200,-114.06453,51.11347484
224,1.52,49.20955952,2400,-114.1069676,51.09281099
225,1.52,49.206,2400,-114.1069417,51.09279126
226,1.52,49.20244048,2400,-114.1069189,51.09277277
227,1.52,49.19888095,2400,-114.106896,51.09275429
228,1.52,49.19532143,2400,-114.1068715,51.09273787
229,1.52,49.1917619,2400,-114.106829,51.0927081
230,1.52,49.18820238,2400,-114.1068013,51.09268757
231,1.52,49.18464286,2400,-114.1067653,51.09265779
232,1.52,49.18108333,2400,-114.1067294,51.09262801
233,1.52,49.17752381,2400,-114.1067179,51.09261466
234,1.52,49.17396429,2400,-114.1067032,51.09259001
235,1.52,49.17040476,2400,-114.1066868,51.09256329
236,1.52,49.16684524,2400,-114.1066721,51.09254275
237,1.52,49.16328571,2400,-114.1066557,51.09250782
238,1.52,49.15972619,2400,-114.1066393,51.0924698
239,1.52,49.15616667,2400,-114.1066294,51.09242664
240,1.52,49.15260714,2400,-114.1066277,51.09238244
241,1.52,49.14904762,2400,-114.1066325,51.09232384
242,1.52,49.1454881,2400,-114.1066437,51.09226524
243,1.52,49.14192857,2400,-114.1066502,51.09222515
244,1.52,49.13836905,2400,-114.1066485,51.09220048
245,1.52,49.13480952,2400,-114.1066492,51.09216486
246,1.52,49.13125,2400,-114.062436,51.10807375
247,1.52,49.12769048,2400,-114.0624372,51.10847817
248,1.52,49.12413095,2400,-114.1125352,51.06705492
249,1.52,49.12057143,2400,-114.112972,51.067054
250,1.52,49.1170119,2400,-114.1134088,51.06705308
251,1.52,49.11345238,2400,-114.1138456,51.06705216
252,1.52,49.10989286,2400,-114.1142825,51.06705124
253,1.52,49.10633333,2400,-114.0741168,51.04220307
254,1.52,49.10277381,2400,-114.0741242,51.04208574
255,1.52,49.09921429,2400,-114.0741317,51.04196841
256,1.52,49.09565476,2400,-114.0741392,51.04185108
257,1.52,49.09209524,2400,-114.0741467,51.04173375
258,1.52,49.08853571,2400,-114.0688401,51.11067317
259,1.52,49.08497619,2400,-114.0704627,51.11067835
260,1.52,49.08141667,2400,-114.070852,51.11066454
261,1.52,49.07785714,2400,-114.0711902,51.1106631
262,1.52,49.07429762,2400,-114.0713767,51.11066778
263,1.52,49.0707381,2400,-114.1139409,51.04511093
264,1.52,49.06717857,2400,-114.1139194,51.04503473
265,1.52,49.06361905,2400,-114.1138981,51.0449609
266,1.52,49.06005952,2400,-114.113854,51.04486453
267,1.52,49.0565,2400,-114.1138131,51.04478149
268,1.52,49.05294048,2400,-114.1137609,51.04470154
269,1.52,49.04938095,2400,-114.1136533,51.04454116
270,1.52,49.04582143,2400,-114.1135407,51.04434741
271,1.52,49.0422619,2400,-114.1134346,51.04418341
272,1.52,49.03870238,2400,-114.113363,51.04406101
273,1.52,49.03514286,2400,-114.113265,51.04389186
274,1.52,49.03158333,2400,-114.113166,51.04369774
275,1.52,49.02802381,2400,-114.1131068,51.04357256
276,1.52,49.02446429,2400,-114.1130783,51.04349231
277,1.52,49.02090476,2400,-114.1130765,51.04342595
278,1.52,49.01734524,2400,-114.1130814,51.04336102
279,1.52,49.01378571,2400,-114.1131084,51.04327715
280,1.52,49.01022619,2400,-114.1131506,51.0432086
281,1.52,49.00666667,2400,-114.1132223,51.04313504
282,1.52,49.00310714,2400,-114.1133014,51.04307217
283,1.52,48.99954762,2400,-114.1133924,51.04302035
284,1.52,48.9959881,2400,-114.113532,51.04295742
285,1.52,48.99242857,2400,-114.1137537,51.04286694
286,1.52,48.98886905,2400,-114.113955,51.04278932
287,1.52,48.98530952,2400,-114.114171,51.04270669
288,1.52,48.98175,2400,-114.1144107,51.04261334
289,1.52,48.97819048,2400,-114.114591,51.04253966
290,1.52,48.97463095,2400,-114.1150333,51.04235065
291,1.52,48.97107143,2400,-114.06453,51.11347484
292,1.52,48.9675119,2400,-114.0652863,51.11408559
293,1.52,48.96395238,2400,-114.0660425,51.11469634
294,1.52,48.96039286,2400,-114.0667988,51.11530709
295,1.52,48.95683333,2400,-114.0675551,51.11591783
296,1.52,48.95327381,2400,-114.0424526,51.0961553
297,1.52,48.94971429,2400,-114.0426756,51.09615687
298,1.52,48.94615476,2400,-114.0429173,51.09615678
299,1.52,48.94259524,2400,-114.0431278,51.09615734
300,1.52,48.93903571,2400,-114.043336,51.09615724
301,1.52,48.93547619,2400,-114.0437143,51.09615718
302,1.52,48.93191667,2400,-114.0439057,51.09615774
303,1.52,48.92835714,2400,-114.0441309,51.09615767
304,1.52,48.92479762,2400,-114.0444659,51.09615815
305,1.52,48.9212381,2400,-114.0447436,51.09615867
306,1.52,48.91767857,2400,-114.0450996,51.09615853
307,1.52,48.91411905,2400,-114.0452527,51.09615848
308,1.52,48.91055952,2400,-114.0454348,51.09615774
309,1.52,48.907,2400,-114.0455284,51.09615833
310,1.52,48.90344048,2400,-114.0456125,51.0961583
311,1.52,48.89988095,2400,-114.0837777,51.05022266
312,1.52,48.89632143,2400,-114.0837346,51.05018838
313,1.52,48.8927619,2400,-114.0836998,51.05015979
314,1.52,48.88920238,2400,-114.0836708,51.05013583
315,1.52,48.88564286,2400,-114.0835902,51.05006731
316,1.52,48.88208333,2400,-114.0835622,51.0500367
317,1.52,48.87852381,2400,-114.0835475,51.05002168
318,1.52,48.87496429,2400,-114.083531,51.0500003
319,1.52,48.87140476,2400,-114.0835177,51.04998124
320,1.52,48.86784524,2400,-114.083503,51.049959
321,1.52,48.86428571,2400,-114.0834901,51.04993751
322,1.52,48.86072619,2400,-114.0834791,51.04991324
323,1.52,48.85716667,2400,-114.0834729,51.04989864
324,1.52,48.85360714,2400,-114.0364122,51.1088691
325,1.52,48.85004762,2400,-114.0363816,51.10891396
326,1.52,48.8464881,2400,-114.0363522,51.10895361
327,1.52,48.84292857,2400,-114.0363353,51.10898539
328,1.52,48.83936905,2100,-114.0363173,51.1090367
329,1.52,48.83580952,2100,-114.0363128,51.10908418
330,1.52,48.83225,2100,-114.0363141,51.10912792
331,1.52,48.82869048,2100,-114.0363142,51.10919718
332,1.52,48.82513095,2100,-114.0363144,51.10929553
333,1.52,48.82157143,2100,-114.0363146,51.10939283
334,1.52,48.8180119,2100,-114.0363144,51.10953826
335,1.52,48.81445238,2100,-114.0363135,51.10967192
336,1.52,48.81089286,2100,-114.0363128,51.10985015
337,1.52,48.80733333,2100,-114.0363131,51.10999522
338,1.52,48.80377381,2100,-114.0363129,51.1101328
339,1.52,48.80021429,2100,-114.0363126,51.11020476
340,1.52,48.79665476,2100,-114.0655226,51.0960577
341,1.52,48.79309524,2100,-114.0657649,51.09605769
342,1.52,48.78953571,2100,-114.0658867,51.09605979
343,1.52,48.78597619,2100,-114.0659999,51.09605864
344,1.52,48.78241667,2100,-114.0660511,51.09605898
345,1.52,48.77885714,2100,-114.1269245,51.0819113
346,1.52,48.77529762,2100,-114.1266756,51.08170186
347,1.52,48.7717381,2100,-114.1266248,51.08166992
348,1.52,48.76817857,2100,-114.1265817,51.08164534
349,1.52,48.76461905,2100,-114.1265211,51.08161464
350,1.52,48.76105952,2100,-114.1264488,51.08157902
351,1.52,48.7575,2100,-114.1263667,51.08155449
352,1.52,48.75394048,2100,-114.1262905,51.08153119
353,1.52,48.75038095,2100,-114.1262104,51.08150912
354,1.52,48.74682143,2100,-114.1261186,51.08149445
355,1.52,48.7432619,2100,-114.12598,51.08147613
356,1.52,48.73970238,2100,-114.1257691,51.08146775
357,1.52,48.73614286,2100,-114.1255133,51.08145325
358,1.52,48.73258333,2100,-114.1253454,51.08144481
359,1.52,48.72902381,2100,-114.1251462,51.08142656
360,1.52,48.72546429,2100,-114.1249539,51.08139245
361,1.52,48.72190476,2100,-114.1248289,51.08136427
362,1.52,48.71834524,2100,-114.1247293,51.08133361
363,1.52,48.71478571,2100,-114.1246492,51.08130415
364,1.52,48.71122619,2100,-114.1245827,51.08127345
365,1.52,48.70766667,2100,-114.1244986,51.08123046
366,1.52,48.70410714,2100,-114.1244353,51.0811919
367,1.52,48.70054762,2100,-114.1243707,51.08115012
368,1.52,48.6969881,2100,-114.1243101,51.08110095
369,1.52,48.69342857,2100,-114.1242455,51.08104932
370,1.52,48.68986905,2100,-114.1241829,51.08098169
371,1.52,48.68630952,2100,-114.1240575,51.08083535
372,1.52,48.68275,2100,-114.1237697,51.08050455
373,1.52,48.67919048,2100,-114.1236976,51.08042382
374,1.52,48.67563095,2100,-114.1232833,51.08011533
375,1.52,48.67207143,2100,-114.1184474,51.08803359
376,1.52,48.6685119,2100,-114.1183752,51.08804964
377,1.52,48.66495238,2100,-114.1183312,51.08807188
378,1.52,48.66139286,2100,-114.1182638,51.08811449
379,1.52,48.65783333,2100,-114.1181745,51.08817747
380,1.52,48.65427381,2100,-114.1181203,51.08821544
381,1.52,48.65071429,2100,-114.1180822,51.0882497
382,1.52,48.64715476,2100,-114.1180222,51.08830062
383,1.52,48.64359524,2100,-114.1179944,51.08832932
384,1.52,48.64003571,2100,-114.1179213,51.08841355
385,1.52,48.63647619,2100,-114.1178657,51.08847187
386,1.52,48.63291667,2100,-114.1178408,51.08850889
387,1.52,48.62935714,2100,-114.1375508,51.05830133
388,1.52,48.62579762,2100,-114.137214,51.05813599
389,1.52,48.6222381,2100,-114.0942104,51.04574364
390,1.52,48.61867857,2100,-114.0941792,51.04574794
391,1.52,48.61511905,2100,-114.0941412,51.04575142
392,1.52,48.61155952,600,-114.0940936,51.04575633
393,1.52,48.608,600,-114.0940513,51.04575998
394,1.52,48.60444048,600,-114.0939897,51.04576425
395,1.52,48.60088095,600,-114.0939317,51.04576744
396,1.52,48.59732143,600,-114.0938847,51.04576903
397,1.52,48.5937619,600,-114.0938382,51.04576954
398,1.52,48.59020238,600,-114.0937992,51.04577037
399,1.52,48.58664286,600,-114.0937492,51.04577104
400,1.52,48.58308333,600,-114.0937034,51.04576998
401,1.52,48.57952381,600,-114.0936561,51.04576892
402,1.52,48.57596429,600,-114.0936165,51.04576722
403,1.52,48.57240476,600,-114.0935586,51.04576445
404,1.52,48.56884524,600,-114.0935046,51.0457601
405,1.52,48.56528571,600,-114.0934602,51.04575593
406,1.52,48.56172619,600,-114.0934183,51.04575201
407,1.52,48.55816667,600,-114.093387,51.04574816
408,1.52,48.55460714,600,-114.0933651,51.04574546
409,1.52,48.55104762,600,-114.0933054,51.04573861
410,1.52,48.5474881,600,-114.0932519,51.04573002
411,1.52,48.54392857,600,-114.0932077,51.04572241
412,1.52,48.54036905,600,-114.0931551,51.0457135
413,1.52,48.53680952,600,-114.0930981,51.04570209
414,1.52,48.53325,600,-114.0930399,51.04569086
415,1.52,48.52969048,600,-114.0929659,51.04567553
416,1.52,48.52613095,600,-114.0928625,51.04565432
417,1.52,48.52257143,600,-114.0928027,51.04564181
418,1.52,48.5190119,600,-114.0927253,51.04562588
419,1.52,48.51545238,600,-114.0926445,51.045609
420,1.52,48.51189286,600,-114.0925957,51.0455993
421,1.52,48.50833333,600,-114.0925381,51.04558837
422,1.52,48.50477381,600,-114.092487,51.04557868
423,1.52,48.50121429,600,-114.0924364,51.04557055
424,1.52,48.49765476,600,-114.0923823,51.04556138
425,1.52,48.49409524,600,-114.0923203,51.04555012
426,1.52,48.49053571,600,-114.0922614,51.04553799
427,1.52,48.48697619,600,-114.0922071,51.04552657
428,1.52,48.48341667,600,-114.0921555,51.04551463
429,1.52,48.47985714,600,-114.0363126,51.11020476
430,1.52,48.47629762,600,-114.0363121,51.11030424
431,1.52,48.4727381,600,-114.0363122,51.1104559
432,1.52,48.46917857,600,-114.122279,51.06729426
433,1.52,48.46561905,600,-114.1221837,51.06720821
434,1.52,48.46205952,600,-114.1221164,51.0671438
435,1.52,48.4585,600,-114.1220549,51.06708043
436,1.52,48.45494048,600,-114.122004,51.06702477
437,1.52,48.45138095,600,-114.1219416,51.06695417
438,1.52,48.44782143,600,-114.1219063,51.06691243
439,1.52,48.4442619,600,-114.1218184,51.06681142
440,1.52,48.44070238,600,-114.1217749,51.06676298
441,1.52,48.43714286,600,-114.1217125,51.06669032
442,1.52,48.43358333,600,-114.1216681,51.06663724
443,1.52,48.43002381,600,-114.1216164,51.06657746
444,1.52,48.42646429,600,-114.1215598,51.06651459
445,1.52,48.42290476,600,-114.1215212,51.06646622
446,1.52,48.41934524,600,-114.0568155,51.11065391
447,1.52,48.41578571,600,-114.0568191,51.11106081
448,1.52,48.41222619,600,-114.0981193,51.0668725
449,1.52,48.40866667,600,-114.0980028,51.06687139
450,1.52,48.40510714,600,-114.0625172,51.07244144
451,1.52,48.40154762,600,-114.0625175,51.07265739
452,1.52,48.3979881,600,-114.0625178,51.07287333
453,1.52,48.39442857,600,-114.0625181,51.07308927
454,1.52,48.39086905,600,-114.0625184,51.07330522
455,1.52,48.38730952,600,-114.0599946,51.09611263
456,1.52,48.38375,600,-114.0600142,51.09611229
457,1.52,48.38019048,600,-114.0601211,51.09611089
458,1.52,48.37663095,600,-114.060233,51.09610811
459,1.52,48.37307143,600,-114.0603548,51.09610535
460,1.52,48.3695119,600,-114.0604638,51.09610125
461,1.52,48.36595238,600,-114.0605343,51.09609852
462,1.52,48.36239286,600,-114.0605984,51.09609579
463,1.52,48.35883333,600,-114.0607053,51.09609574
464,1.52,48.35527381,600,-114.0608165,51.09609568
465,1.52,48.35171429,600,-114.060899,51.09609492
466,1.52,48.34815476,600,-114.1401295,51.08741275
467,1.52,48.34459524,600,-114.1400696,51.08739636
468,1.52,48.34103571,600,-114.1400179,51.08738158
469,1.52,48.33747619,600,-114.1399561,51.08736559
470,1.52,48.33391667,1100,-114.1398962,51.08735403
471,1.52,48.33035714,1100,-114.1398356,51.08734326
472,1.52,48.32679762,1100,-114.1397655,51.08733371
473,1.52,48.3232381,1100,-114.1396942,51.08732577
474,1.52,48.31967857,1100,-114.1395282,51.0873072
475,1.52,48.31611905,1100,-114.1394256,51.08729528
476,1.52,48.31255952,1100,-114.1392386,51.0872751
477,1.52,48.309,1100,-114.1391303,51.08726239
478,1.52,48.30544048,1100,-114.1390139,51.08724971
479,1.52,48.30188095,1100,-114.1389247,51.08723891
480,1.52,48.29832143,1100,-114.1155113,51.09162462
481,1.52,48.2947619,1100,-114.1155227,51.09160729
482,1.52,48.29120238,1100,-114.1155377,51.09158267
483,1.52,48.28764286,1100,-114.1155727,51.09153601
484,1.52,48.28408333,1100,-114.1156229,51.09147581
485,1.52,48.28052381,1100,-114.1157001,51.09137478
486,1.52,48.27696429,1100,-114.1157848,51.09127286
487,1.52,48.27340476,1100,-114.0364132,51.10848123
488,1.52,48.26984524,1100,-114.0364122,51.1088691
489,1.52,48.26628571,1100,-114.0603002,51.04925979
490,1.52,48.26272619,1100,-114.0603107,51.04911271
491,1.52,48.25916667,1100,-114.0603211,51.04896563
492,1.52,48.25560714,1100,-114.0603316,51.04881856
493,1.52,48.25204762,1100,-114.060342,51.04867148
494,1.52,48.2484881,1100,-114.1157848,51.09127286
495,1.52,48.24492857,1100,-114.1157871,51.09127008
496,1.52,48.24136905,1100,-114.1158698,51.09116834
497,1.52,48.23780952,1100,-114.1159265,51.0910982
498,1.52,48.23425,1100,-114.1159715,51.09104204
499,1.52,48.23069048,1100,-114.1160294,51.09097122
500,1.52,48.22713095,1100,-114.1160634,51.09092942
501,1.52,48.22357143,1100,-114.0364375,51.10007919
502,1.52,48.2200119,1100,-114.0364374,51.10021119
503,2.34,48.21645238,1100,-114.0364371,51.10033593
504,2.34,48.21289286,1100,-114.0364368,51.10046066
505,2.34,48.20933333,1100,-114.0364365,51.1005854
506,2.34,48.20577381,1100,-114.083886,51.04342744
507,2.34,48.20221429,1100,-114.0839073,51.04318103
508,2.34,48.19865476,1100,-114.0839233,51.04295781
509,2.34,48.19509524,1100,-114.1180905,51.0738211
510,2.34,48.19153571,1100,-114.1181153,51.07388344
511,2.34,48.18797619,1100,-114.1181548,51.07398473
512,2.34,48.18441667,1100,-114.11821,51.07410577
513,2.34,48.18085714,1100,-114.1182462,51.0741867
514,2.34,48.17729762,1100,-114.0848555,51.0668293
515,2.34,48.1737381,1100,-114.0846965,51.06682897
516,2.34,48.17017857,1100,-114.0845029,51.06682821
517,2.34,48.16661905,1100,-114.0842566,51.06682884
518,2.34,48.16305952,1100,-114.0841394,51.06682853
519,2.34,48.1595,1100,-114.0811176,51.04796219
520,2.34,48.15594048,1100,-114.0811261,51.04784215
521,2.34,48.15238095,1100,-114.0811347,51.0477221
522,2.34,48.14882143,1100,-114.0811433,51.04760205
523,2.34,48.1452619,1100,-114.0811518,51.047482
524,2.34,48.14170238,1100,-114.0550044,51.0796266
525,2.34,48.13814286,1100,-114.0549985,51.0797143
526,2.34,48.13458333,1100,-114.054813,51.08051333
527,2.34,48.13102381,1100,-114.0946754,51.04683758
528,2.34,48.12746429,1100,-114.0946732,51.0469263
529,2.34,48.12390476,1100,-114.0946716,51.04699271
530,2.34,48.12034524,1100,-114.0946699,51.0470617
531,2.34,48.11678571,1100,-114.0946659,51.0472222
532,2.34,48.11322619,1100,-114.0946642,51.04730106
533,2.34,48.10966667,1100,-114.0946812,51.04732762
534,2.34,48.10610714,1100,-114.0946894,51.04733561
535,2.34,48.10254762,1100,-114.0946947,51.04733977
536,2.34,48.0989881,1100,-114.0599874,51.11066032
537,2.34,48.09542857,1100,-114.060363,51.11066113
538,2.34,48.09186905,1100,-114.0610085,51.1106616
539,2.34,48.08830952,1100,-114.0616934,51.11066433
540,2.34,48.08475,1100,-114.0946983,51.05111528
541,2.34,48.08119048,1100,-114.0946961,51.05126137
542,2.34,48.07763095,1100,-114.0815392,51.04511923
543,2.34,48.07407143,1100,-114.0813602,51.0451142
544,2.34,48.0705119,1100,-114.0812729,51.04511175
545,2.34,48.06695238,1100,-114.0812552,51.04511125
546,2.34,48.06339286,1100,-114.0810067,51.04510426
547,2.34,48.05983333,1100,-114.1272211,51.10308855
548,2.34,48.05627381,1100,-114.1271002,51.10301656
549,2.34,48.05271429,1100,-114.1268905,51.10289675
550,2.34,48.04915476,1100,-114.1267324,51.10280936
551,2.34,48.04559524,1100,-114.1266654,51.10277092
552,2.34,48.04203571,1100,-114.0516986,51.05278713
553,2.34,48.03847619,1100,-114.0516971,51.05256811
554,2.34,48.03491667,1100,-114.0516957,51.05234908
555,2.34,48.03135714,1100,-114.0516942,51.05213005
556,2.34,48.02779762,1100,-114.0516927,51.05191102
557,2.34,48.0242381,1100,-114.0523911,51.08367007
558,2.34,48.02067857,1100,-114.052378,51.0837071
559,2.34,48.01711905,1100,-114.052355,51.08377978
560,2.34,48.01355952,1100,-114.0522757,51.0841037
561,2.34,48.01,1100,-114.0455578,51.09603436
562,2.34,48.00644048,1100,-114.0453395,51.09603444
563,2.34,48.00288095,1100,-114.0451511,51.09603507
564,2.34,47.99932143,1100,-114.0449323,51.0960346
565,2.34,47.9957619,1100,-114.044557,51.09603415
566,2.34,47.99220238,1100,-114.0442828,51.09603425
567,2.34,47.98864286,1100,-114.0439678,51.09603438
568,2.34,47.98508333,1100,-114.0434656,51.09603404
569,2.34,47.98152381,1100,-114.04314,51.09603417
570,2.34,47.97796429,1100,-114.0426789,51.09603432
571,2.34,47.97440476,1100,-114.0424091,51.09603442
572,2.34,47.97084524,1100,-114.0422281,51.09603505
573,2.34,47.96728571,1100,-114.0419293,51.09603461
574,2.34,47.96372619,1100,-114.0417574,51.09603459
575,2.34,47.96016667,1100,-114.0848721,51.06785765
576,2.34,47.95660714,1100,-114.0848788,51.06830159
577,2.34,47.95304762,1300,-114.1285024,51.07420098
578,2.34,47.9494881,1300,-114.1284436,51.07417819
579,2.34,47.94592857,1300,-114.1283623,51.07414754
580,2.34,47.94236905,1300,-114.1282647,51.0741137
581,2.34,47.93880952,1300,-114.0764525,51.06699158
582,2.34,47.93525,1300,-114.076842,51.06699191
583,2.34,47.93169048,1300,-114.0771809,51.06699079
584,2.34,47.92813095,1300,-114.0776799,51.06699046
585,2.34,47.92457143,1300,-114.0783107,51.06699049
586,2.34,47.9210119,1300,-114.0787827,51.06698972
587,2.34,47.91745238,1300,-114.0789144,51.06698996
588,2.34,47.91389286,1300,-114.0624402,51.10057329
589,2.34,47.91033333,1300,-114.0624402,51.10109222
590,2.34,47.90677381,1300,-114.0624402,51.10161114
591,2.34,47.90321429,1300,-114.0624402,51.10213007
592,2.34,47.89965476,1300,-114.0624402,51.102649
593,2.34,47.89609524,1300,-114.046707,51.10562845
594,2.34,47.89253571,1300,-114.0465301,51.10493494
595,2.34,47.88897619,1300,-114.0463351,51.10426309
596,2.34,47.88541667,1300,-114.0461813,51.10378177
597,2.34,47.88185714,1300,-114.0459822,51.10322433
598,2.34,47.87829762,1300,-114.1354654,51.0742936
599,2.34,47.8747381,1300,-114.1353601,51.07428925
600,2.34,47.87117857,1300,-114.1351914,51.07428786
